id,band_true,band_pred,diff,dispersion,confidence,word_count,votes,prompt_hash,model,scoring_method,tr_pred,cc_pred,lr_pred,gra_pred,tr_true,cc_true,lr_true,gra_true
29,6.5,7.0,0.5,0.375,high,302,"[7.0, 7.0, 7.0]",12840,rubric_specific_mock,rubric_specific,7.0,6.5,6.5,7.5,6.0,6.0,6.0,7.0
16,8.0,7.0,-1.0,0.1875,high,282,"[7.0, 7.0, 7.0]",12516,rubric_specific_mock,rubric_specific,7.0,7.0,7.0,7.5,8.0,7.0,8.0,9.0
36,6.0,7.0,1.0,0.1875,high,285,"[7.0, 7.0, 7.0]",12126,rubric_specific_mock,rubric_specific,7.0,7.0,6.5,7.0,6.0,6.0,6.0,6.0
27,6.5,6.5,0.0,0.375,high,288,"[6.5, 6.5, 6.5]",12486,rubric_specific_mock,rubric_specific,7.0,6.5,6.0,7.0,6.0,6.0,6.0,7.0
28,6.5,7.0,0.5,0.1875,high,286,"[7.0, 7.0, 7.0]",12306,rubric_specific_mock,rubric_specific,7.0,7.0,6.5,7.0,6.0,6.0,6.0,8.0
39,5.5,7.0,1.5,0.22916666666666682,high,310,"[7.0, 7.0, 7.0]",12567,rubric_specific_mock,rubric_specific,7.0,7.0,6.5,7.5,5.0,4.0,6.0,6.0
37,5.5,7.0,1.5,0.1875,high,275,"[7.0, 7.0, 7.0]",12090,rubric_specific_mock,rubric_specific,7.0,7.0,6.5,7.0,6.0,4.0,6.0,6.0
19,7.5,7.0,-0.5,0.0,high,258,"[7.0, 7.0, 7.0]",11838,rubric_specific_mock,rubric_specific,7.0,7.0,7.0,7.0,6.0,7.0,7.0,9.0
7,8.5,7.0,-1.5,0.0,high,359,"[7.0, 7.0, 7.0]",13314,rubric_specific_mock,rubric_specific,7.0,7.0,7.0,7.0,8.0,7.0,9.0,9.0
12,8.0,7.0,-1.0,0.0,high,309,"[7.0, 7.0, 7.0]",12732,rubric_specific_mock,rubric_specific,7.0,7.0,7.0,7.0,8.0,8.0,7.0,8.0
33,6.0,6.5,0.5,0.37499999999999983,high,299,"[6.5, 6.5, 6.5]",12612,rubric_specific_mock,rubric_specific,6.5,6.5,6.0,7.5,5.0,6.0,6.0,6.0
20,7.5,7.0,-0.5,0.1875,high,269,"[7.0, 7.0, 7.0]",12042,rubric_specific_mock,rubric_specific,7.0,7.0,6.5,7.0,7.0,7.0,7.0,8.0
15,8.0,7.0,-1.0,0.25,high,293,"[7.0, 7.0, 7.0]",12381,rubric_specific_mock,rubric_specific,7.0,7.0,6.5,7.5,7.0,7.0,8.0,9.0
40,5.5,5.5,0.0,0.625,low,296,"[5.5, 5.5, 5.5]",12129,rubric_specific_mock,rubric_specific,6.0,5.0,5.0,6.5,4.0,5.0,4.0,8.0
18,7.5,7.0,-0.5,0.1875,high,285,"[7.0, 7.0, 7.0]",12243,rubric_specific_mock,rubric_specific,7.0,7.0,7.0,7.5,7.0,6.0,7.0,9.0
5,9.0,7.0,-2.0,0.2430555555555555,high,276,"[7.0, 7.0, 7.0]",12087,rubric_specific_mock,rubric_specific,7.0,6.5,6.5,7.0,9.0,9.0,9.0,9.0
38,5.5,7.0,1.5,0.1875,high,477,"[7.0, 7.0, 7.0]",14889,rubric_specific_mock,rubric_specific,7.0,7.0,7.0,7.5,7.0,4.0,5.0,6.0
3,9.0,7.0,-2.0,0.1875,high,262,"[7.0, 7.0, 7.0]",11877,rubric_specific_mock,rubric_specific,7.0,7.0,6.5,7.0,9.0,9.0,9.0,9.0
10,8.5,7.0,-1.5,0.0,high,265,"[7.0, 7.0, 7.0]",12222,rubric_specific_mock,rubric_specific,7.0,7.0,7.0,7.0,8.0,7.0,9.0,9.0
34,6.0,6.0,0.0,0.5416666666666666,low,258,"[6.0, 6.0, 6.0]",11916,rubric_specific_mock,rubric_specific,6.5,6.0,5.5,7.0,5.0,6.0,7.0,6.0
22,7.0,6.5,-0.5,0.25,high,250,"[6.5, 6.5, 6.5]",11661,rubric_specific_mock,rubric_specific,6.5,6.5,6.0,7.0,5.0,5.0,8.0,9.0
32,6.0,7.0,1.0,0.25,high,289,"[7.0, 7.0, 7.0]",12204,rubric_specific_mock,rubric_specific,7.0,7.0,6.5,7.5,5.0,5.0,6.0,8.0
30,6.5,6.0,-0.5,0.37499999999999983,high,323,"[6.0, 6.0, 6.0]",13014,rubric_specific_mock,rubric_specific,6.0,6.0,5.0,6.5,5.0,5.0,6.0,9.0
9,8.5,6.5,-2.0,0.25,high,258,"[6.5, 6.5, 6.5]",12033,rubric_specific_mock,rubric_specific,6.5,6.5,6.0,7.0,8.0,7.0,9.0,9.0
44,5.0,6.5,1.5,0.25,high,267,"[6.5, 6.5, 6.5]",11946,rubric_specific_mock,rubric_specific,7.0,6.5,6.0,6.5,5.0,6.0,4.0,4.0
6,9.0,6.5,-2.5,0.5347222222222222,low,296,"[6.5, 6.5, 6.5]",12504,rubric_specific_mock,rubric_specific,6.5,6.0,6.0,7.5,9.0,9.0,9.0,9.0
26,7.0,6.0,-1.0,0.4375,high,279,"[6.0, 6.0, 6.0]",12168,rubric_specific_mock,rubric_specific,6.0,6.0,5.5,7.0,5.0,4.0,9.0,9.0
1,9.0,7.0,-2.0,0.1875,high,260,"[7.0, 7.0, 7.0]",11994,rubric_specific_mock,rubric_specific,7.0,7.0,6.5,7.0,9.0,9.0,9.0,9.0
2,9.0,6.0,-3.0,0.75,low,27,"[6.0, 6.0, 6.0]",8571,rubric_specific_mock,rubric_specific,6.5,5.0,5.0,6.5,9.0,9.0,9.0,9.0
31,6.5,6.0,-0.5,0.375,high,262,"[6.0, 6.0, 6.0]",11979,rubric_specific_mock,rubric_specific,6.5,6.0,5.5,6.5,4.0,6.0,6.0,9.0
4,9.0,6.0,-3.0,0.5,high,281,"[6.0, 6.0, 6.0]",12114,rubric_specific_mock,rubric_specific,6.5,6.0,5.5,7.0,9.0,9.0,9.0,9.0
25,7.0,7.0,0.0,0.1875,high,307,"[7.0, 7.0, 7.0]",12723,rubric_specific_mock,rubric_specific,7.0,7.0,6.5,7.0,6.0,7.0,6.0,9.0
0,9.0,6.5,-2.5,0.5,high,296,"[6.5, 6.5, 6.5]",12627,rubric_specific_mock,rubric_specific,7.0,6.0,6.0,7.0,9.0,9.0,9.0,9.0
21,7.5,7.0,-0.5,0.1875,high,258,"[7.0, 7.0, 7.0]",11787,rubric_specific_mock,rubric_specific,7.0,7.0,6.5,7.0,6.0,6.0,8.0,9.0
47,4.5,6.5,2.0,0.22222222222222232,high,370,"[6.5, 6.5, 6.5]",13125,rubric_specific_mock,rubric_specific,6.5,6.5,6.0,6.5,4.0,5.0,4.0,4.0
41,5.5,6.0,0.5,0.4375,high,260,"[6.0, 6.0, 6.0]",12144,rubric_specific_mock,rubric_specific,6.0,6.0,5.0,6.5,6.0,4.0,6.0,6.0
23,7.0,6.5,-0.5,0.375,high,294,"[6.5, 6.5, 6.5]",12321,rubric_specific_mock,rubric_specific,6.5,6.0,6.0,7.0,5.0,6.0,8.0,9.0
54,4.0,5.0,1.0,0.25,high,256,"[5.0, 5.0, 5.0]",11559,rubric_specific_mock,rubric_specific,5.0,4.5,4.5,5.0,4.0,4.0,4.0,4.0
17,7.5,6.5,-1.0,0.7847222222222222,low,305,"[6.5, 6.5, 6.5]",13236,rubric_specific_mock,rubric_specific,5.0,6.5,7.0,7.5,6.0,6.0,8.0,9.0
45,5.0,6.0,1.0,0.25,high,308,"[6.0, 6.0, 6.0]",12855,rubric_specific_mock,rubric_specific,6.0,6.0,5.5,6.5,5.0,5.0,5.0,5.0
48,4.5,6.0,1.5,0.75,low,493,"[6.0, 6.0, 6.0]",15249,rubric_specific_mock,rubric_specific,6.5,6.0,5.0,7.5,4.0,5.0,4.0,4.0
42,5.0,5.5,0.5,0.75,low,269,"[5.5, 5.5, 5.5]",12153,rubric_specific_mock,rubric_specific,5.0,5.0,5.0,7.0,4.0,4.0,6.0,6.0
53,4.0,5.5,1.5,0.625,low,280,"[5.5, 5.5, 5.5]",12096,rubric_specific_mock,rubric_specific,6.0,5.0,5.0,6.5,4.0,4.0,4.0,4.0
24,7.0,6.0,-1.0,0.5,high,318,"[6.0, 6.0, 6.0]",12690,rubric_specific_mock,rubric_specific,6.5,6.0,5.5,7.0,4.0,5.0,9.0,9.0
35,6.0,6.0,0.0,0.4375,high,265,"[6.0, 6.0, 6.0]",12174,rubric_specific_mock,rubric_specific,6.0,6.0,5.0,6.5,5.0,4.0,6.0,8.0
8,8.5,7.0,-1.5,0.25,high,345,"[7.0, 7.0, 7.0]",13221,rubric_specific_mock,rubric_specific,7.0,6.5,6.5,7.0,8.0,7.0,9.0,9.0
55,4.0,5.5,1.5,0.7291666666666669,low,289,"[5.5, 5.5, 5.5]",12600,rubric_specific_mock,rubric_specific,5.0,5.0,5.0,7.0,4.0,4.0,4.0,4.0
49,4.5,5.5,1.0,0.49999999999999983,high,321,"[5.5, 5.5, 5.5]",12756,rubric_specific_mock,rubric_specific,6.5,5.0,5.0,5.0,5.0,5.0,4.0,4.0
52,4.0,5.5,1.5,0.5625,low,279,"[5.5, 5.5, 5.5]",12135,rubric_specific_mock,rubric_specific,5.0,5.0,5.0,6.5,4.0,4.0,4.0,4.0
56,4.0,5.0,1.0,0.625,low,259,"[5.0, 5.0, 5.0]",11916,rubric_specific_mock,rubric_specific,5.0,5.0,4.5,6.5,4.0,4.0,4.0,4.0
51,4.5,5.0,0.5,0.1875,high,252,"[5.0, 5.0, 5.0]",11655,rubric_specific_mock,rubric_specific,5.0,5.0,4.5,5.0,5.0,5.0,4.0,4.0
14,8.0,7.0,-1.0,0.1875,high,273,"[7.0, 7.0, 7.0]",12240,rubric_specific_mock,rubric_specific,7.0,7.0,6.5,7.0,7.0,7.0,9.0,9.0
13,8.0,7.0,-1.0,0.25,high,281,"[7.0, 7.0, 7.0]",12084,rubric_specific_mock,rubric_specific,7.0,6.5,6.5,7.0,6.0,7.0,9.0,9.0
50,4.5,5.5,1.0,0.5833333333333331,low,253,"[5.5, 5.5, 5.5]",11838,rubric_specific_mock,rubric_specific,5.0,5.0,5.0,6.5,4.0,5.0,4.0,4.0
46,5.0,5.0,0.0,0.15277777777777798,high,253,"[5.0, 5.0, 5.0]",10890,rubric_specific_mock,rubric_specific,5.0,5.0,5.0,5.0,4.0,4.0,6.0,6.0
11,8.5,6.0,-2.5,0.5763888888888888,low,259,"[6.0, 6.0, 6.0]",10794,rubric_specific_mock,rubric_specific,6.5,6.0,6.0,6.5,8.0,7.0,9.0,9.0
43,5.0,6.0,1.0,0.75,low,263,"[6.0, 6.0, 6.0]",9646,rubric_specific_mock,rubric_specific,6.5,6.0,5.0,5.5,4.0,5.0,5.0,5.0
